URL,Status,Response Code,Protocol,Method,Content-Type,Client Address,Client Port,Remote Address,Remote Port,Exception,Request Start Time,Request End Time,Response Start Time,Response End Time,Duration (ms),DNS Duration (ms),Connect Duration (ms),SSL Duration (ms),Request Duration (ms),Response Duration (ms),Latency (ms),Speed (KB/s),Request Speed (KB/s),Response Speed (KB/s),Request Handshake Size (bytes),Request Header Size (bytes),Request Body Size (bytes),Response Handshake Size (bytes),Response Header Size (bytes),Response Body Size (bytes),Request Compression,Response Compression
https://p26-buy.itunes.apple.com,EXCEPTION,200,https,CONNECT,,/192.168.50.138,53013,p26-buy.itunes.apple.com/17.154.67.28,443,com.xk72.proxy.ProxyException: Client SSL handshake failed - Remote host closed connection during handshake,12 Oct 2018 05:02:31,,,,,1,84,182,,,,,,,1122,0,,22399,0,,,
https://graph.facebook.com/v3.0,COMPLETE,200,https,POST,application/json; charset=UTF-8,/192.168.50.138,53011,graph.facebook.com/31.13.65.1,443,,12 Oct 2018 05:02:32,12 Oct 2018 05:02:32,12 Oct 2018 05:02:32,12 Oct 2018 05:02:32,119,19,15,40,3,1,41,155.79004,698.8926,16442.383,1110,67,970,16047,307,483,,72.8%
https://settings.crashlytics.com,EXCEPTION,200,https,CONNECT,,/192.168.50.138,53015,settings.crashlytics.com/107.22.220.210,443,com.xk72.proxy.ProxyException: Client SSL handshake failed - Remote host closed connection during handshake,12 Oct 2018 05:02:32,,,,,19,27,64,,,,,,,1134,0,,29140,0,,,
https://www.indeed.com/m/rpc/mobileapp/pgroups?hl=en&co=US,COMPLETE,200,https,GET,application/json;charset=UTF-8,/192.168.50.138,53014,www.indeed.com/166.78.192.64,443,,12 Oct 2018 05:02:33,12 Oct 2018 05:02:33,12 Oct 2018 05:02:33,12 Oct 2018 05:02:33,187,34,36,72,1,2,42,118.99902,1232.4219,10510.254,1094,168,,19904,1184,437,,51.6%
https://t.appsflyer.com/api/v4.9/iosevent?app_id=309735670&buildnumber=4.8.6,COMPLETE,200,https,POST,application/json,/192.168.50.138,53016,t.appsflyer.com/54.171.20.166,443,,12 Oct 2018 05:02:33,12 Oct 2018 05:02:35,12 Oct 2018 05:02:35,12 Oct 2018 05:02:35,757,35,134,263,48,1,276,32.13672,188.04883,15301.758,1098,313,7832,15665,0,4,,
https://play.googleapis.com/log,COMPLETE,200,https,POST,text/plain; charset=UTF-8,/192.168.50.138,53010,play.googleapis.com/172.217.197.95,443,,12 Oct 2018 05:02:34,12 Oct 2018 05:02:34,12 Oct 2018 05:02:34,12 Oct 2018 05:02:34,100,2,31,28,1,4,34,17.58789,1136.7188,155.51758,777,110,277,372,163,102,-2.2%,-20.0%
https://www.gstatic.com/identity/sdk/config/ios/v4.1.2?clientID=1047839414793-auqrc0ig1smrb2nsbcf2qa0bgiia748u.apps.googleusercontent.com&bundleID=com.indeed.JobSearch,COMPLETE,200,https,GET,text/html,/192.168.50.138,53012,www.gstatic.com/172.217.197.94,443,,12 Oct 2018 05:02:35,12 Oct 2018 05:02:35,12 Oct 2018 05:02:35,12 Oct 2018 05:02:35,158,15,31,68,2,14,28,116.47656,619.6289,1226.0039,1098,171,,16991,214,371,,
https://events.appsflyer.com/api/v4.9/iosevent?app_id=309735670&buildnumber=4.8.6,COMPLETE,200,https,POST,application/json,/192.168.50.138,53020,events.appsflyer.com/52.48.186.31,443,,12 Oct 2018 05:02:35,12 Oct 2018 05:02:37,12 Oct 2018 05:02:37,12 Oct 2018 05:02:37,1585,1031,127,284,1,0,142,11.332031,2660.1562,0.0,1118,318,1288,15665,0,4,,
https://settings.crashlytics.com,EXCEPTION,200,https,CONNECT,,/192.168.50.138,53022,settings.crashlytics.com/23.21.176.29,443,com.xk72.proxy.ProxyException: Client SSL handshake failed - Remote host closed connection during handshake,12 Oct 2018 05:02:35,,,,,4,34,78,,,,,,,1134,0,,29140,0,,,
https://graph.facebook.com/v3.0/115882278440564/activities,COMPLETE,200,https,POST,application/json; charset=UTF-8,/192.168.50.138,53017,graph.facebook.com/31.13.65.1,443,,12 Oct 2018 05:02:35,12 Oct 2018 05:02:35,12 Oct 2018 05:02:35,12 Oct 2018 05:02:35,248,2,21,51,2,8,164,71.61133,871.58203,2002.0752,1110,86,589,16047,338,16,,
https://iadsdk.apple.com/adserver/2.1/config,COMPLETE,200,https,POST,application/octet-stream,/192.168.50.138,53023,iadsdk.apple.com/23.55.228.158,443,,12 Oct 2018 05:02:35,12 Oct 2018 05:02:36,12 Oct 2018 05:02:36,12 Oct 2018 05:02:36,148,32,18,43,0,1,54,154.90332,0.0,21440.43,1090,423,8,18469,0,3486,,
https://graph.facebook.com/v3.0/115882278440564/activities,COMPLETE,200,https,POST,application/json; charset=UTF-8,/192.168.50.138,53018,graph.facebook.com/31.13.65.1,443,,12 Oct 2018 05:02:35,12 Oct 2018 05:02:35,12 Oct 2018 05:02:35,12 Oct 2018 05:02:35,140,2,19,51,1,3,64,128.28516,1945.3125,5338.216,1110,86,796,16043,340,16,,
"https://www.indeed.com/m/?app=10.5,iPhone",COMPLETE,200,https,GET,text/html;charset=UTF-8,/192.168.50.138,53021,www.indeed.com/166.78.192.64,443,,12 Oct 2018 05:02:35,12 Oct 2018 05:02:35,12 Oct 2018 05:02:35,12 Oct 2018 05:02:35,245,4,39,79,2,74,47,184.12695,643.5547,592.21875,1094,224,,19904,1226,23746,,78.0%
https://sdk.appsflyer.com/install_data/v3/id309735670?devkey=ExLocXqS6j9TGyNebHQHrG&device_id=1539318891000-6303998,COMPLETE,200,https,GET,application/json; charset=utf-8,/192.168.50.138,53024,sdk.appsflyer.com/52.16.116.96,443,,12 Oct 2018 05:02:35,12 Oct 2018 05:02:36,12 Oct 2018 05:02:41,12 Oct 2018 05:02:41,5555,27,123,259,0,1,5145,3.008789,0.0,15353.516,1106,289,,15665,0,57,,
https://www.indeed.com/m/s/93d5b2b/mobile-hp-compiled.js,COMPLETE,200,https,GET,application/javascript,/192.168.50.138,53021,www.indeed.com/166.78.192.64,443,,12 Oct 2018 05:02:36,12 Oct 2018 05:02:36,12 Oct 2018 05:02:36,12 Oct 2018 05:02:36,163,,,,0,125,38,324.75195,0.0,421.6875,,229,,,178,53798,,59.5%
https://www.indeed.com/m/s/d7c0187/en_US.min.js,COMPLETE,200,https,GET,application/javascript,/192.168.50.138,53021,www.indeed.com/166.78.192.64,443,,12 Oct 2018 05:02:36,12 Oct 2018 05:02:36,12 Oct 2018 05:02:36,12 Oct 2018 05:02:36,163,,,,0,2,161,22.017578,0.0,1779.7852,,30,,,178,3467,,62.8%
https://www.indeed.com/m/_iphone/styles/appSignInModal.css,COMPLETE,200,https,GET,text/css,/192.168.50.138,53021,www.indeed.com/166.78.192.64,443,,12 Oct 2018 05:02:36,12 Oct 2018 05:02:36,12 Oct 2018 05:02:36,12 Oct 2018 05:02:36,163,,,,1,1,161,7.2851562,50.78125,1136.7188,,52,,,818,346,,49.3%
https://iadsdk.apple.com/adserver/2.1/iad_mz/sign-sap-setup,COMPLETE,200,https,POST,application/octet-stream,/192.168.50.138,53025,iadsdk.apple.com/23.55.228.158,443,,12 Oct 2018 05:02:36,12 Oct 2018 05:02:37,12 Oct 2018 05:02:37,12 Oct 2018 05:02:37,90,3,12,46,2,0,27,223.55664,898.9258,0.0,1030,440,371,18379,0,383,,
https://www.indeed.com/m/rpc/preccount?mtk=1cpjo6opaaf90800&mobtk=1cpjo6opgaf90800&recjobcountry=US&hl=en&fmt=json&rq&from=mobhomepage&reqJson=1,COMPLETE,200,https,GET,application/json;charset=UTF-8,/192.168.50.138,53021,www.indeed.com/166.78.192.64,443,,12 Oct 2018 05:02:36,12 Oct 2018 05:02:36,12 Oct 2018 05:02:36,12 Oct 2018 05:02:36,49,,,,0,2,47,20.626953,0.0,456.0547,,101,,,827,107,,-24.4%
https://www.indeed.com/m/appsignin?action=Displayed&tk=1cpjo6opgaf90800&zr=1356388467,COMPLETE,200,https,GET,text/html;charset=ISO-8859-1,/192.168.50.138,53021,www.indeed.com/166.78.192.64,443,,12 Oct 2018 05:02:36,12 Oct 2018 05:02:36,12 Oct 2018 05:02:36,12 Oct 2018 05:02:36,42,,,,1,1,40,21.484375,55.664062,846.6797,,57,,,824,43,,-207.1%
https://www.indeed.com/m/s/df9eddc/mobile-all-compiled.js,COMPLETE,200,https,GET,application/javascript,/192.168.50.138,53021,www.indeed.com/166.78.192.64,443,,12 Oct 2018 05:02:36,12 Oct 2018 05:02:36,12 Oct 2018 05:02:36,12 Oct 2018 05:02:37,365,,,,1,330,34,305.16895,35.15625,337.4287,,36,,,178,113846,,62.5%
https://www.indeed.com/m/rpc/log/pageload?a=mhomejsv&mobtk=1cpjo6opgaf90800&scrWidth=1536&scrHeight=2048&pixelRatio=2&scrOrientation=portrait&zr=1622297048,COMPLETE,200,https,GET,image/jpeg;charset=UTF-8,/192.168.50.138,53021,www.indeed.com/166.78.192.64,443,,12 Oct 2018 05:02:36,12 Oct 2018 05:02:36,12 Oct 2018 05:02:36,12 Oct 2018 05:02:36,180,,,,1,0,179,4.9316406,104.49219,0.0,,107,,,802,0,,
https://www.indeed.com/INDEED/registerDevice,COMPLETE,404,https,GET,text/html;charset=UTF-8,/192.168.50.138,53021,www.indeed.com/166.78.192.64,443,,12 Oct 2018 05:02:36,12 Oct 2018 05:02:36,12 Oct 2018 05:02:36,12 Oct 2018 05:02:36,194,,,,1,14,179,44.121094,166.01562,599.53906,,170,,,787,7808,,67.6%
https://www.indeed.com/m/_iphone/images/flags@2x/us.png,COMPLETE,200,https,GET,image/png,/192.168.50.138,53021,www.indeed.com/166.78.192.64,443,,12 Oct 2018 05:02:36,12 Oct 2018 05:02:36,12 Oct 2018 05:02:36,12 Oct 2018 05:02:36,62,,,,2,1,59,29.3125,17.578125,1782.2266,,36,,,782,1043,,
https://sb.scorecardresearch.com/beacon.js,COMPLETE,200,https,GET,application/x-javascript,/192.168.50.138,53028,sb.scorecardresearch.com/104.112.249.46,443,,12 Oct 2018 05:02:37,12 Oct 2018 05:02:38,12 Oct 2018 05:02:38,12 Oct 2018 05:02:38,164,61,13,60,12,2,16,160.58496,119.46582,12451.172,1134,334,,24599,0,901,,39.7%
https://jsna.indeed.com/api/log/?eventKey=880A2C89-103D-4880-8918-58F6D47E8610&eventName=proctor_did_load&deviceId=1cpjo6m5pafd2800,COMPLETE,200,https,GET,application/json;charset=UTF-8,/192.168.50.138,53019,jsna.indeed.com/169.45.207.198,443,,12 Oct 2018 05:02:37,12 Oct 2018 05:02:37,12 Oct 2018 05:02:37,12 Oct 2018 05:02:37,179,32,34,68,1,3,41,118.00488,1385.7422,6579.1016,1098,321,,19904,271,36,,-125.0%
https://connect.facebook.net/en_US/fbevents.js,COMPLETE,200,https,GET,application/x-javascript; charset=utf-8,/192.168.50.138,53027,connect.facebook.net/31.13.65.7,443,,12 Oct 2018 05:02:37,12 Oct 2018 05:02:37,12 Oct 2018 05:02:37,12 Oct 2018 05:02:37,132,26,40,38,1,13,14,239.39746,1258.7891,2333.9844,1118,171,,16047,906,14117,,69.5%
https://events.appsflyer.com/api/v4.9/iosevent?app_id=309735670&buildnumber=4.8.6,COMPLETE,200,https,POST,application/json,/192.168.50.138,53029,events.appsflyer.com/52.48.178.253,443,,12 Oct 2018 05:02:37,12 Oct 2018 05:02:38,12 Oct 2018 05:02:38,12 Oct 2018 05:02:38,571,2,151,280,1,0,137,31.27832,2558.5938,0.0,1046,318,1256,15665,0,4,,
https://www.google-analytics.com/analytics.js,COMPLETE,200,https,GET,text/javascript,/192.168.50.138,53026,www.google-analytics.com/172.217.197.100,443,,12 Oct 2018 05:02:37,12 Oct 2018 05:02:37,12 Oct 2018 05:02:37,12 Oct 2018 05:02:37,168,16,34,68,2,22,26,193.95215,637.20703,1423.1621,1134,171,,14516,260,17285,,60.0%
https://connect.facebook.net/signals/config/579216298929618?v=2.8.30&r=stable,COMPLETE,200,https,GET,application/x-javascript; charset=utf-8,/192.168.50.138,53027,connect.facebook.net/31.13.65.7,443,,12 Oct 2018 05:02:37,12 Oct 2018 05:02:37,12 Oct 2018 05:02:37,12 Oct 2018 05:02:37,34,,,,0,3,31,525.9072,0.0,5945.3125,,46,,,483,17781,,80.3%
https://www.google-analytics.com/plugins/ua/linkid.js,COMPLETE,200,https,GET,text/javascript,/192.168.50.138,53026,www.google-analytics.com/172.217.197.100,443,,12 Oct 2018 05:02:37,12 Oct 2018 05:02:37,12 Oct 2018 05:02:37,12 Oct 2018 05:02:37,27,,,,1,2,24,37.109375,25.390625,488.28125,,26,,,144,856,,45.4%
https://www.google-analytics.com/collect?v=1&_v=j70&a=236171945&t=pageview&_s=1&dl=https%3A%2F%2Fwww.indeed.com%2Fm%2F%3Fapp%3D10.5%2CiPhone&ul=en-us&de=UTF-8&dt=Job%20Search%20%7C%20Indeed&sd=32-bit&sr=768x1024&vp=768x960&je=0&_u=KGBAiEYgB~&jid=1508695303&gjid=278636430&cid=923340606.1539334958&tid=UA-90780-1&_gid=2088544465.1539334958&z=1691775906,COMPLETE,200,https,GET,image/gif,/192.168.50.138,53026,www.google-analytics.com/172.217.197.100,443,,12 Oct 2018 05:02:38,12 Oct 2018 05:02:38,12 Oct 2018 05:02:38,12 Oct 2018 05:02:38,35,,,,2,2,31,11.941406,122.07031,86.91406,,250,,,143,35,,
https://www.facebook.com/tr/?id=579216298929618&ev=PageView&dl=https%3A%2F%2Fwww.indeed.com%2Fm%2F%3Fapp%3D10.5%2CiPhone&rl=&if=false&ts=1539334957871&sw=768&sh=1024&v=2.8.30&r=stable&ec=0&o=12&it=1539334957583&coo=false&exp=g0,COMPLETE,200,https,GET,image/gif,/192.168.50.138,53030,www.facebook.com/31.13.65.36,443,,12 Oct 2018 05:02:38,12 Oct 2018 05:02:38,12 Oct 2018 05:02:38,12 Oct 2018 05:02:38,111,33,14,43,2,4,15,155.92383,687.9883,3982.9102,1102,307,,16039,231,44,,
https://sb.scorecardresearch.com/b?c1=2&c2=6486505&c4=http%3A%2F%2Fwww.indeed.com%2Fm%2F%3Fapp%3D10.5%2CiPhone&c15=&ns__t=1539334958451&ns_c=UTF-8&cv=3.1&c8=Job%20Search%20%7C%20Indeed&c7=https%3A%2F%2Fwww.indeed.com%2Fm%2F%3Fapp%3D10.5%2CiPhone&c9=,COMPLETE,302,https,GET,,/192.168.50.138,53028,sb.scorecardresearch.com/104.112.249.46,443,,12 Oct 2018 05:02:38,12 Oct 2018 05:02:38,12 Oct 2018 05:02:38,12 Oct 2018 05:02:38,25,,,,1,1,23,21.132812,528.3203,0.0,,541,,,0,0,,
https://sb.scorecardresearch.com/b2?c1=2&c2=6486505&c4=http%3A%2F%2Fwww.indeed.com%2Fm%2F%3Fapp%3D10.5%2CiPhone&c15=&ns__t=1539334958451&ns_c=UTF-8&cv=3.1&c8=Job%20Search%20%7C%20Indeed&c7=https%3A%2F%2Fwww.indeed.com%2Fm%2F%3Fapp%3D10.5%2CiPhone&c9=,COMPLETE,204,https,GET,,/192.168.50.138,53028,sb.scorecardresearch.com/104.112.249.46,443,,12 Oct 2018 05:02:38,12 Oct 2018 05:02:38,12 Oct 2018 05:02:38,12 Oct 2018 05:02:38,18,,,,0,2,16,29.405273,0.0,0.0,,542,,,0,,,
https://www.indeed.com/m/rpc/timing?perfData=%7B%22timing%22%3A%7B%22navigationStart%22%3A1539334954984%2C%22unloadEventStart%22%3A0%2C%22unloadEventEnd%22%3A0%2C%22redirectStart%22%3A0%2C%22redirectEnd%22%3A0%2C%22fetchStart%22%3A1539334954984%2C%22domainLookupStart%22%3A1539334955006%2C%22domainLookupEnd%22%3A1539334955006%2C%22connectStart%22%3A1539334955011%2C%22connectEnd%22%3A1539334955482%2C%22secureConnectionStart%22%3A1539334955150%2C%22requestStart%22%3A1539334955485%2C%22responseStart%22%3A1539334955568%2C%22responseEnd%22%3A1539334955749%2C%22domLoading%22%3A1539334955665%2C%22domInteractive%22%3A1539334956506%2C%22domContentLoadedEventStart%22%3A1539334956507%2C%22domContentLoadedEventEnd%22%3A1539334956507%2C%22domComplete%22%3A1539334958737%2C%22loadEventStart%22%3A1539334958737%2C%22loadEventEnd%22%3A1539334958744%7D%2C%22navigation%22%3A%7B%22redirectCount%22%3A0%2C%22type%22%3A0%7D%7D&logEvent=mobhomepage&tk=1cpjo6opgaf90800,COMPLETE,200,https,GET,text/html;charset=UTF-8,/192.168.50.138,53021,www.indeed.com/166.78.192.64,443,,12 Oct 2018 05:02:39,12 Oct 2018 05:02:39,12 Oct 2018 05:02:39,12 Oct 2018 05:02:39,38,,,,0,1,37,48.1084,0.0,859.375,,992,,,854,26,,N/A
https://iadsdk.apple.com/adserver/2.1/attribution,COMPLETE,200,https,POST,application/octet-stream,/192.168.50.138,53023,iadsdk.apple.com/23.55.228.158,443,,12 Oct 2018 05:02:39,12 Oct 2018 05:02:39,12 Oct 2018 05:02:39,12 Oct 2018 05:02:39,47,,,,8,1,38,26.969727,152.58789,46.875,,430,820,,0,48,,
https://attr.appsflyer.com/api/v4.9/iosevent?app_id=309735670&buildnumber=4.8.6,COMPLETE,200,https,POST,application/json,/192.168.50.138,53031,attr.appsflyer.com/52.209.40.173,443,,12 Oct 2018 05:02:39,12 Oct 2018 05:02:41,12 Oct 2018 05:02:41,12 Oct 2018 05:02:41,685,32,128,389,2,0,134,26.229492,1333.0078,0.0,1110,316,1304,15665,0,4,,
https://www.facebook.com/tr/?id=579216298929618&ev=Microdata&dl=https%3A%2F%2Fwww.indeed.com%2Fm%2F%3Fapp%3D10.5%2CiPhone&rl=&if=false&ts=1539334959396&cd[Schema.org]=%5B%5D&cd[OpenGraph]=%7B%7D&cd[Meta]=%7B%22title%22%3A%22Job%20Search%20%7C%20Indeed%22%7D&cd[DataLayer]=%5B%5D&cd[JSON-LD]=%5B%5D&sw=768&sh=1024&v=2.8.30&r=stable&ec=1&o=12&it=1539334957583&coo=false&es=automatic&exp=g0,COMPLETE,200,https,GET,image/gif,/192.168.50.138,53030,www.facebook.com/31.13.65.36,443,,12 Oct 2018 05:02:39,12 Oct 2018 05:02:39,12 Oct 2018 05:02:39,12 Oct 2018 05:02:39,18,,,,1,2,15,28.10254,282.22656,111.81641,,289,,,185,44,,
https://p69-ckdatabase.icloud.com,EXCEPTION,503,https,,text/html;charset=ISO-8859-1,/192.168.50.138,53007,,443,com.xk72.proxy.http.HttpFieldsException: Invalid first line in request,12 Oct 2018 05:02:42,,,12 Oct 2018 05:02:42,26,,,,,,,25.16504,,,,0,,,0,670,,
https://www.indeed.com/m/rpc/appsflyer/referral?af_status=Organic&af_message=organic%20install&is_first_launch=1,COMPLETE,200,https,POST,text/plain; charset=UTF-8,/192.168.50.138,53032,www.indeed.com/166.78.192.64,443,,12 Oct 2018 05:02:42,12 Oct 2018 05:02:42,12 Oct 2018 05:02:42,12 Oct 2018 05:02:42,154,2,36,74,1,2,39,140.73828,1509.7656,10082.031,1094,452,0,19904,744,0,,
https://www.indeed.com/m/rpc/log/userAction?mobtk=1cpjo6opgaf90800&from=mobhomepage&interactionType=touchstart,COMPLETE,200,https,GET,text/plain; charset=UTF-8,/192.168.50.138,53021,www.indeed.com/166.78.192.64,443,,12 Oct 2018 05:02:49,12 Oct 2018 05:02:49,12 Oct 2018 05:02:49,12 Oct 2018 05:02:49,54,,,,1,1,52,14.774414,72.265625,725.58594,,74,,,743,0,,
https://www.facebook.com/tr/?id=579216298929618&ev=PageView&dl=https%3A%2F%2Fwww.indeed.com%2Fm%2F%3Fapp%3D10.5%2CiPhone%23&rl=&if=false&ts=1539334969278&sw=768&sh=1024&v=2.8.30&r=stable&ec=2&o=12&it=1539334957583&coo=false&exp=g0,COMPLETE,200,https,GET,image/gif,/192.168.50.138,53030,www.facebook.com/31.13.65.36,443,,12 Oct 2018 05:02:49,12 Oct 2018 05:02:49,12 Oct 2018 05:02:49,12 Oct 2018 05:02:49,16,,,,1,1,14,23.925781,160.15625,222.65625,,164,,,184,44,,
https://www.indeed.com/m/appsignin?action=SignIn&tk=1cpjo6opgaf90800,COMPLETE,301,https,GET,text/plain; charset=UTF-8,/192.168.50.138,53021,www.indeed.com/166.78.192.64,443,,12 Oct 2018 05:02:49,12 Oct 2018 05:02:49,12 Oct 2018 05:02:49,12 Oct 2018 05:02:49,42,,,,2,1,39,27.62207,170.89844,818.3594,,350,,,838,0,,
http://www.indeed.com/m/account/login?dest=%2Fm,COMPLETE,301,http,GET,text/plain; charset=UTF-8,/192.168.50.138,53033,www.indeed.com/169.45.207.200,80,,12 Oct 2018 05:02:51,12 Oct 2018 05:02:51,12 Oct 2018 05:02:51,12 Oct 2018 05:02:51,88,35,23,,0,1,29,13.571289,0.0,407.22656,,806,,,417,0,,
https://www.indeed.com/m/account/login?dest=%2Fm,COMPLETE,302,https,GET,text/plain; charset=UTF-8,/192.168.50.138,53021,www.indeed.com/166.78.192.64,443,,12 Oct 2018 05:02:51,12 Oct 2018 05:02:51,12 Oct 2018 05:02:51,12 Oct 2018 05:02:51,40,,,,1,2,37,30.761719,366.21094,432.1289,,375,,,885,0,,
https://secure.indeed.com/account/login?service=mob&hl=en_US&co=US&continue=https%3A%2F%2Fwww.indeed.com%2Fm&tmpl=mobile,COMPLETE,200,https,GET,text/html;charset=UTF-8,/192.168.50.138,53034,secure.indeed.com/169.47.25.79,443,,12 Oct 2018 05:02:52,12 Oct 2018 05:02:53,12 Oct 2018 05:02:53,12 Oct 2018 05:02:53,240,52,62,77,1,11,37,156.96191,1671.875,3272.6377,1106,606,,14912,0,21951,,82.4%
https://secure.indeed.com/s/86f2fa6/static/scripts/i18n/en_US.js,COMPLETE,200,https,GET,application/javascript,/192.168.50.138,53034,secure.indeed.com/169.47.25.79,443,,12 Oct 2018 05:02:54,12 Oct 2018 05:02:54,12 Oct 2018 05:02:54,12 Oct 2018 05:02:54,37,,,,0,2,35,218.53809,0.0,3723.1445,,655,,,0,7625,,79.4%
https://secure.indeed.com/static/compiled/967d4f8365969b72de4d/js/passport-app.js,COMPLETE,200,https,GET,application/javascript,/192.168.50.138,53037,secure.indeed.com/169.47.25.79,443,,12 Oct 2018 05:02:54,12 Oct 2018 05:02:54,12 Oct 2018 05:02:54,12 Oct 2018 05:02:54,227,2,31,67,0,98,29,641.666,0.0,1469.3076,1034,672,,14912,0,132536,,76.3%
https://device-provisioning.googleapis.com/checkin,COMPLETE,200,https,POST,application/json; charset=UTF-8,/192.168.50.138,53035,device-provisioning.googleapis.com/173.194.206.95,443,,12 Oct 2018 05:02:54,12 Oct 2018 05:02:54,12 Oct 2018 05:02:54,12 Oct 2018 05:02:54,287,2,28,75,1,2,179,50.617188,1641.6016,6442.871,1302,105,274,12340,221,634,,27.1%
https://apis.google.com/js/platform.js?onload=triggerGoogleLoaded,COMPLETE,200,https,GET,application/javascript; charset=utf-8,/192.168.50.138,53036,apis.google.com/172.217.197.102,443,,12 Oct 2018 05:02:55,12 Oct 2018 05:02:55,12 Oct 2018 05:02:55,12 Oct 2018 05:02:55,189,21,28,65,4,17,54,167.93164,326.9043,1790.0957,1098,241,,13661,669,16832,,61.7%
https://iid.googleapis.com/iid/register,COMPLETE,200,https,POST,text/plain; charset=UTF-8,/192.168.50.138,53038,iid.googleapis.com/173.194.206.95,443,,12 Oct 2018 05:02:55,12 Oct 2018 05:02:55,12 Oct 2018 05:02:55,12 Oct 2018 05:02:55,261,16,33,70,6,2,134,53.32129,249.34863,6210.449,1110,199,223,12336,217,166,,-5.1%
https://secure.indeed.com/static/compiled/ededaabd124114cf60dd/js/0.js,COMPLETE,200,https,GET,application/javascript,/192.168.50.138,53034,secure.indeed.com/169.47.25.79,443,,12 Oct 2018 05:02:55,12 Oct 2018 05:02:55,12 Oct 2018 05:02:55,12 Oct 2018 05:02:55,31,,,,0,2,29,71.603516,0.0,787.1094,,661,,,0,1612,,63.9%
https://secure.indeed.com/rpc/log?a=jsv&tk=1cpjo7ab35ngj800&pgid=login&ls=1&zr=195199609,COMPLETE,200,https,GET,image/gif,/192.168.50.138,53034,secure.indeed.com/169.47.25.79,443,,12 Oct 2018 05:02:55,12 Oct 2018 05:02:55,12 Oct 2018 05:02:56,12 Oct 2018 05:02:56,30,,,,1,1,28,23.469727,663.08594,41.015625,,679,,,0,42,,
https://apis.google.com/_/scs/apps-static/_/js/k=oz.gapi.en_US.-3Q5REx5LtQ.O/m=auth2/rt=j/sv=1/d=1/ed=1/am=wQ/rs=AGLTcCOaEhBP76PUvj_-0NwHeJUk1xWfYw/cb=gapi.loaded_0,COMPLETE,200,https,GET,text/javascript; charset=UTF-8,/192.168.50.138,53036,apis.google.com/172.217.197.102,443,,12 Oct 2018 05:02:56,12 Oct 2018 05:02:56,12 Oct 2018 05:02:56,12 Oct 2018 05:02:56,63,,,,1,37,25,550.3467,113.28125,934.0156,,116,,,169,35219,,66.1%
https://www.google-analytics.com/collect?v=1&_v=j70&a=1059343722&t=pageview&_s=1&dl=https%3A%2F%2Fsecure.indeed.com%2Faccount%2Flogin%3Fservice%3Dmob%26hl%3Den_US%26co%3DUS%26continue%3Dhttps%253A%252F%252Fwww.indeed.com%252Fm%26tmpl%3Dmobile&ul=en-us&de=UTF-8&dt=Sign%20In%20%7C%20Indeed%20Accounts&sd=32-bit&sr=768x1024&vp=540x576&je=0&_u=SCCAiEYgB~&jid=&gjid=&cid=923340606.1539334958&tid=UA-90780-1&_gid=2088544465.1539334958&linkid=appSignInConfirm&z=238903634,COMPLETE,200,https,GET,image/gif,/192.168.50.138,53026,www.google-analytics.com/172.217.197.100,443,,12 Oct 2018 05:02:56,12 Oct 2018 05:02:56,12 Oct 2018 05:02:56,12 Oct 2018 05:02:56,32,,,,0,2,30,15.2890625,0.0,39.0625,,421,,,45,35,,
https://secure.indeed.com/client/log?pgid=login&tk=1cpjo7ab35ngj800&logType=navigationTiming&application=passport&moduleName=navigationTiming&data=%7B%22navigationStart%22%3A1539334972082%2C%22unloadEventStart%22%3A0%2C%22unloadEventEnd%22%3A0%2C%22redirectStart%22%3A0%2C%22redirectEnd%22%3A0%2C%22fetchStart%22%3A1539334972082%2C%22domainLookupStart%22%3A1539334972096%2C%22domainLookupEnd%22%3A1539334972096%2C%22connectStart%22%3A1539334972105%2C%22connectEnd%22%3A1539334973508%2C%22secureConnectionStart%22%3A1539334972597%2C%22requestStart%22%3A1539334973510%2C%22responseStart%22%3A1539334974026%2C%22responseEnd%22%3A1539334974140%2C%22domLoading%22%3A1539334974063%2C%22domInteractive%22%3A1539334975696%2C%22domContentLoadedEventStart%22%3A1539334975696%2C%22domContentLoadedEventEnd%22%3A1539334975696%2C%22domComplete%22%3A1539334976565%2C%22loadEventStart%22%3A1539334976565%2C%22loadEventEnd%22%3A1539334976567%2C%22navigationType%22%3A0%2C%22redirectCount%22%3A0%7D,COMPLETE,200,https,GET,image/gif,/192.168.50.138,53034,secure.indeed.com/169.47.25.79,443,,12 Oct 2018 05:02:56,12 Oct 2018 05:02:56,12 Oct 2018 05:02:56,12 Oct 2018 05:02:56,31,,,,1,1,29,51.56836,1557.6172,41.015625,,1595,,,0,42,,
https://iadsdk.apple.com/adserver/2.1/attribution,COMPLETE,200,https,POST,application/octet-stream,/192.168.50.138,53023,iadsdk.apple.com/23.55.228.158,443,,12 Oct 2018 05:02:56,12 Oct 2018 05:02:56,12 Oct 2018 05:02:56,12 Oct 2018 05:02:56,35,,,,2,1,32,36.21582,610.35156,46.875,,430,820,,0,48,,
https://camel.headfarming.com/s.js,COMPLETE,200,https,GET,application/javascript,/192.168.50.138,53041,camel.headfarming.com/52.84.82.233,443,,12 Oct 2018 05:02:56,12 Oct 2018 05:02:57,12 Oct 2018 05:02:57,12 Oct 2018 05:02:57,136,41,13,45,0,8,29,297.9873,0.0,4879.3945,1122,405,,15992,0,23980,,65.8%
https://app-measurement.com/config/app/1:1047839414793:ios:fdf28c053c81b2cb?app_instance_id=A5A6272B2495412898209D49AF8CAD94&platform=ios&gmp_version=50001,COMPLETE,200,https,GET,application/x-protobuf,/192.168.50.138,53039,app-measurement.com/64.233.185.101,443,,12 Oct 2018 05:02:57,12 Oct 2018 05:02:57,12 Oct 2018 05:02:57,12 Oct 2018 05:02:57,119,37,17,35,2,6,22,134.6914,624.02344,2463.379,1114,164,,14516,239,380,,33.3%
https://accounts.google.com/o/oauth2/iframe,COMPLETE,200,https,GET,text/html; charset=utf-8,/192.168.50.138,53040,accounts.google.com/173.194.219.84,443,,12 Oct 2018 05:02:57,12 Oct 2018 05:02:57,12 Oct 2018 05:02:57,12 Oct 2018 05:02:57,99,19,15,37,1,3,24,155.89453,1349.6094,4694.661,1114,268,,13711,301,410,,38.4%
https://app-measurement.com/a,COMPLETE,204,https,POST,image/gif,/192.168.50.138,53043,app-measurement.com/64.233.185.101,443,,12 Oct 2018 05:02:58,12 Oct 2018 05:02:58,12 Oct 2018 05:02:58,12 Oct 2018 05:02:58,55,1,16,15,1,6,16,36.38086,1487.3047,85.61133,777,109,637,372,154,,46.7%,
https://ssl.gstatic.com/accounts/o/749446591-idpiframe_css_ltr.css,COMPLETE,200,https,GET,text/css,/192.168.50.138,53042,ssl.gstatic.com/172.217.11.131,443,,12 Oct 2018 05:03:00,12 Oct 2018 05:03:00,12 Oct 2018 05:03:00,12 Oct 2018 05:03:00,140,15,23,74,2,11,15,137.05273,630.3711,1629.7051,1098,193,,16991,236,1130,,71.8%
https://ssl.gstatic.com/accounts/o/1544706828-v2-idpiframe.js,COMPLETE,200,https,GET,text/javascript,/192.168.50.138,53042,ssl.gstatic.com/172.217.11.131,443,,12 Oct 2018 05:03:00,12 Oct 2018 05:03:00,12 Oct 2018 05:03:00,12 Oct 2018 05:03:00,35,,,,2,9,24,671.9863,20.019531,2608.832,,41,,,111,23932,,67.0%
https://camel.headfarming.com/images/184807.gif?bk=05df167439&tm=3376&r=614189014&v=104&cs=UTF-8&h=secure.indeed.com&l=en-us&S=95e9b854f15c421d4450091457dd0f13&uu=50682e12a175c821431c8c9566a6154&t=Sign%20In%20%7C%20Indeed%20Accounts&u=https%3A%2F%2Fsecure.indeed.com%2Faccount%2Flogin%3Fservice%3Dmob%26hl%3Den_US%26co%3DUS%26continue%3Dhttps%253A%252F%252Fwww.indeed.com%252Fm%26tmpl%3Dmobile&ua=Mozilla%2F5.0%20(iPad%3B%20CPU%20OS%209_3_5%20like%20Mac%20OS%20X)%20AppleWebKit%2F601.1.46%20(KHTML%2C%20like%20Gecko)%20Mobile%2F13G36%20Indeed%20App%2010.5&nm=0&mh=d41d8cd98f00b204e9800998ecf8427e&np=0&ph=d41d8cd98f00b204e9800998ecf8427e&sh=1024&sw=768&cd=32&p=iPad&to=240&d=60&ce=true&ol=true&pr=Gecko&ps=20030107&vd=Apple%20Computer%2C%20Inc.&vs=&je=false&ss=true&ls=true&in=true&db=false&jf=34155ae2c8ec2320739e20b58bb66daf&jn=59&tr=false&ts=true&tb=false&ab=false&cf=411f5d7a0e0469e8225f79308abba81e&z=z,COMPLETE,200,https,GET,image/gif,/192.168.50.138,53041,camel.headfarming.com/52.84.82.233,443,,12 Oct 2018 05:03:01,12 Oct 2018 05:03:01,12 Oct 2018 05:03:01,12 Oct 2018 05:03:01,78,,,,0,1,77,16.651367,0.0,50.78125,,1278,,,0,52,,
https://accounts.google.com/o/oauth2/iframerpc?action=checkOrigin&origin=https%3A%2F%2Fsecure.indeed.com&client_id=1047839414793-v442kdo3pt0vb43l8nu2c5sh9lf4bsnj.apps.googleusercontent.com,COMPLETE,200,https,GET,application/json; charset=utf-8,/192.168.50.138,53040,accounts.google.com/173.194.219.84,443,,12 Oct 2018 05:03:01,12 Oct 2018 05:03:01,12 Oct 2018 05:03:01,12 Oct 2018 05:03:01,44,,,,0,1,43,12.916992,0.0,386.71875,,186,,,356,40,,-185.7%
https://app-measurement.com/a,COMPLETE,204,https,POST,image/gif,/192.168.50.138,53044,app-measurement.com/64.233.185.101,443,,12 Oct 2018 05:03:09,12 Oct 2018 05:03:09,12 Oct 2018 05:03:09,12 Oct 2018 05:03:09,66,1,33,15,1,3,13,27.254883,1285.1562,171.22363,777,109,430,372,154,,4.2%,
https://play.googleapis.com/log,COMPLETE,200,https,POST,text/plain; charset=UTF-8,/192.168.50.138,53046,play.googleapis.com/172.217.197.95,443,,12 Oct 2018 05:03:17,12 Oct 2018 05:03:17,12 Oct 2018 05:03:17,12 Oct 2018 05:03:17,104,1,31,34,8,2,28,15.69043,126.34277,310.54688,777,110,148,372,163,101,-16.5%,-20.2%
https://www.googleapis.com/experimentsandconfigs/v1/getExperimentsAndConfigs,COMPLETE,200,https,POST,application/octet-stream,/192.168.50.138,53048,www.googleapis.com/172.217.197.95,443,,12 Oct 2018 05:03:17,12 Oct 2018 05:03:17,12 Oct 2018 05:03:17,12 Oct 2018 05:03:17,96,1,29,28,2,2,34,26.417969,530.7617,737.3047,774,134,179,372,226,912,29.8%,59.6%
https://play.googleapis.com/log,COMPLETE,200,https,POST,text/plain; charset=UTF-8,/192.168.50.138,53047,play.googleapis.com/172.217.197.95,443,,12 Oct 2018 05:03:17,12 Oct 2018 05:03:17,12 Oct 2018 05:03:17,12 Oct 2018 05:03:17,100,2,30,33,2,3,30,16.31836,505.3711,207.03125,777,110,148,372,163,101,-16.5%,-20.2%
https://play.googleapis.com/log,COMPLETE,200,https,POST,text/plain; charset=UTF-8,/192.168.50.138,53045,play.googleapis.com/172.217.197.95,443,,12 Oct 2018 05:03:17,12 Oct 2018 05:03:17,12 Oct 2018 05:03:17,12 Oct 2018 05:03:17,101,2,33,34,2,2,28,16.15625,505.3711,310.54688,777,110,148,372,163,101,-16.5%,-20.2%
https://play.googleapis.com/log,COMPLETE,200,https,POST,text/plain; charset=UTF-8,/192.168.50.138,53050,play.googleapis.com/172.217.197.95,443,,12 Oct 2018 05:03:18,12 Oct 2018 05:03:18,12 Oct 2018 05:03:18,12 Oct 2018 05:03:18,97,1,31,29,1,1,34,26.729492,1971.6797,621.09375,777,110,1132,372,163,101,65.4%,-20.2%
https://play.googleapis.com/log,COMPLETE,200,https,POST,text/plain; charset=UTF-8,/192.168.50.138,53051,play.googleapis.com/172.217.197.95,443,,12 Oct 2018 05:03:18,12 Oct 2018 05:03:18,12 Oct 2018 05:03:18,12 Oct 2018 05:03:18,99,1,30,34,1,1,32,26.189453,1971.6797,621.09375,777,110,1132,372,163,101,65.4%,-20.2%
https://play.googleapis.com/log,COMPLETE,200,https,POST,text/plain; charset=UTF-8,/192.168.50.138,53049,play.googleapis.com/172.217.197.95,443,,12 Oct 2018 05:03:18,12 Oct 2018 05:03:18,12 Oct 2018 05:03:18,12 Oct 2018 05:03:18,100,1,32,29,2,3,33,25.927734,985.83984,207.03125,777,110,1132,372,163,101,65.4%,-20.2%
https://play.googleapis.com/log,COMPLETE,200,https,POST,text/plain; charset=UTF-8,/192.168.50.138,53053,play.googleapis.com/172.217.197.95,443,,12 Oct 2018 05:03:18,12 Oct 2018 05:03:18,12 Oct 2018 05:03:18,12 Oct 2018 05:03:18,111,2,36,37,2,2,32,14.833008,512.6953,310.54688,777,110,163,372,163,101,1.8%,-20.2%
https://play.googleapis.com/log,COMPLETE,200,https,POST,text/plain; charset=UTF-8,/192.168.50.138,53052,play.googleapis.com/172.217.197.95,443,,12 Oct 2018 05:03:18,12 Oct 2018 05:03:18,12 Oct 2018 05:03:18,12 Oct 2018 05:03:18,101,1,26,37,3,5,29,16.282227,341.1455,124.21875,777,109,162,372,163,101,2.4%,-20.2%
https://play.googleapis.com/log,COMPLETE,200,https,POST,text/plain; charset=UTF-8,/192.168.50.138,53054,play.googleapis.com/172.217.197.95,443,,12 Oct 2018 05:03:18,12 Oct 2018 05:03:18,12 Oct 2018 05:03:18,12 Oct 2018 05:03:18,92,2,25,29,2,5,29,17.896484,512.6953,124.21875,777,110,163,372,163,101,1.8%,-20.2%
https://play.googleapis.com/log,COMPLETE,200,https,POST,text/plain; charset=UTF-8,/192.168.50.138,53056,play.googleapis.com/172.217.197.95,443,,12 Oct 2018 05:03:19,12 Oct 2018 05:03:19,12 Oct 2018 05:03:19,12 Oct 2018 05:03:19,126,2,25,41,1,5,52,13.066406,1025.3906,124.21875,777,110,163,372,163,101,1.8%,-20.2%
https://play.googleapis.com/log,COMPLETE,200,https,POST,text/plain; charset=UTF-8,/192.168.50.138,53055,play.googleapis.com/172.217.197.95,443,,12 Oct 2018 05:03:19,12 Oct 2018 05:03:19,12 Oct 2018 05:03:19,12 Oct 2018 05:03:19,117,3,29,39,4,6,36,14.072266,256.34766,103.515625,777,110,163,372,163,101,1.8%,-20.2%
https://secure.indeed.com/account/login,COMPLETE,302,https,POST,text/plain; charset=UTF-8,/192.168.50.138,53034,secure.indeed.com/169.47.25.79,443,,12 Oct 2018 05:03:19,12 Oct 2018 05:03:19,12 Oct 2018 05:03:19,12 Oct 2018 05:03:19,257,,,,0,3,254,4.3583984,0.0,0.0,,879,268,,0,0,,
https://play.googleapis.com/log,COMPLETE,200,https,POST,text/plain; charset=UTF-8,/192.168.50.138,53057,play.googleapis.com/172.217.197.95,443,,12 Oct 2018 05:03:19,12 Oct 2018 05:03:19,12 Oct 2018 05:03:19,12 Oct 2018 05:03:19,113,1,38,29,3,3,39,14.5703125,341.79688,207.03125,777,110,163,372,163,101,1.8%,-20.2%
https://www.indeed.com/m/account/checklogin?dest=%2Fm&passrx=eDdmTK35HGXJp6DbgnFO702oCX0GfIpB7Juw8SkhmKGr5G-7fnVxcI1dwvZNlHkOB1_Um01zVJinPt7-NZBIrtTt-UxNLWQawU-47cuc4ifhuIpwWdydPj6v79ZKBvBMu2KsHMvd0Ooz0Ug%3D,COMPLETE,302,https,GET,text/plain; charset=UTF-8,/192.168.50.138,53021,www.indeed.com/166.78.192.64,443,,12 Oct 2018 05:03:19,12 Oct 2018 05:03:19,12 Oct 2018 05:03:19,12 Oct 2018 05:03:19,65,,,,0,1,64,25.22461,0.0,757.8125,,903,,,776,0,,
https://play.googleapis.com/log,COMPLETE,200,https,POST,text/plain; charset=UTF-8,/192.168.50.138,53058,play.googleapis.com/172.217.197.95,443,,12 Oct 2018 05:03:20,12 Oct 2018 05:03:20,12 Oct 2018 05:03:20,12 Oct 2018 05:03:20,116,1,30,40,1,3,41,16.264648,1265.625,207.03125,777,109,410,372,163,101,60.4%,-20.2%
https://play.googleapis.com/log,COMPLETE,200,https,POST,text/plain; charset=UTF-8,/192.168.50.138,53059,play.googleapis.com/172.217.197.95,443,,12 Oct 2018 05:03:20,12 Oct 2018 05:03:20,12 Oct 2018 05:03:20,12 Oct 2018 05:03:20,120,2,36,37,1,3,41,15.722656,1265.625,207.03125,777,109,410,372,163,101,60.4%,-20.2%
https://www.indeed.com/m,COMPLETE,301,https,GET,text/html; charset=iso-8859-1,/192.168.50.138,53021,www.indeed.com/166.78.192.64,443,,12 Oct 2018 05:03:20,12 Oct 2018 05:03:20,12 Oct 2018 05:03:20,12 Oct 2018 05:03:20,42,,,,0,0,42,8.416992,0.0,0.0,,14,,,118,230,,22.3%
https://play.googleapis.com/log,COMPLETE,200,https,POST,text/plain; charset=UTF-8,/192.168.50.138,53060,play.googleapis.com/173.194.68.95,443,,12 Oct 2018 05:03:20,12 Oct 2018 05:03:20,12 Oct 2018 05:03:20,12 Oct 2018 05:03:20,219,8,100,70,2,5,34,64.038086,859.8633,2460.9375,1242,109,410,12336,163,101,60.4%,-20.2%
http://www.indeed.com/m/,COMPLETE,301,http,GET,text/plain; charset=UTF-8,/192.168.50.138,53033,www.indeed.com/169.45.207.200,80,,12 Oct 2018 05:03:20,12 Oct 2018 05:03:20,12 Oct 2018 05:03:20,12 Oct 2018 05:03:20,52,,,,0,0,52,25.615234,0.0,0.0,,953,,,408,3,,
https://www.indeed.com/m/,COMPLETE,200,https,GET,text/html;charset=UTF-8,/192.168.50.138,53021,www.indeed.com/166.78.192.64,443,,12 Oct 2018 05:03:20,12 Oct 2018 05:03:20,12 Oct 2018 05:03:20,12 Oct 2018 05:03:20,103,,,,0,38,65,235.18945,0.0,624.30566,,513,,,832,23461,,78.0%
https://www.indeed.com/m/rpc/preccount?mtk=1cpjo6opaaf90800&mobtk=1cpjo84b3af52800&recjobcountry=US&hl=en&fmt=json&rq&from=mobhomepage&reqJson=1,COMPLETE,200,https,GET,application/json;charset=UTF-8,/192.168.50.138,53021,www.indeed.com/166.78.192.64,443,,12 Oct 2018 05:03:20,12 Oct 2018 05:03:20,12 Oct 2018 05:03:20,12 Oct 2018 05:03:20,49,,,,1,2,46,31.030273,608.39844,456.0547,,623,,,827,107,,-24.4%
https://www.indeed.com/m/rpc/oneshot/appreturn/ios_push/get?mobtk=1cpjo84b3af52800&devid=1cpjo6m5pafd2800&indeedcsrftoken=JxIYqKrWPJWre5oT5Z5kGbR5ktnGwxQI,COMPLETE,200,https,POST,application/json;charset=utf-8,/192.168.50.138,53021,www.indeed.com/166.78.192.64,443,,12 Oct 2018 05:03:20,12 Oct 2018 05:03:20,12 Oct 2018 05:03:20,12 Oct 2018 05:03:20,100,,,,0,0,100,9.8046875,0.0,0.0,,173,0,,770,61,,-103.3%
https://www.indeed.com/INDEED/registerDevice,COMPLETE,404,https,GET,text/html;charset=UTF-8,/192.168.50.138,53021,www.indeed.com/166.78.192.64,443,,12 Oct 2018 05:03:20,12 Oct 2018 05:03:20,12 Oct 2018 05:03:20,12 Oct 2018 05:03:20,85,,,,0,30,55,118.86426,0.0,320.1494,,511,,,670,9165,,70.6%
https://www.indeed.com/m/rpc/log/pageload?a=mhomejsv&mobtk=1cpjo84b3af52800&scrWidth=1536&scrHeight=2048&pixelRatio=2&scrOrientation=portrait&zr=1521040427,COMPLETE,200,https,GET,image/jpeg;charset=UTF-8,/192.168.50.138,53021,www.indeed.com/166.78.192.64,443,,12 Oct 2018 05:03:20,12 Oct 2018 05:03:20,12 Oct 2018 05:03:20,12 Oct 2018 05:03:20,40,,,,0,2,38,22.485352,0.0,391.60156,,119,,,802,0,,
https://sb.scorecardresearch.com/b?c1=2&c2=6486505&c4=http%3A%2F%2Fwww.indeed.com%2Fm%2F&c15=&ns__t=1539335000633&ns_c=UTF-8&cv=3.1&c8=Job%20Search%20%7C%20Indeed&c7=https%3A%2F%2Fwww.indeed.com%2Fm%2F&c9=,COMPLETE,302,https,GET,,/192.168.50.138,53061,sb.scorecardresearch.com/104.112.249.46,443,,12 Oct 2018 05:03:21,12 Oct 2018 05:03:21,12 Oct 2018 05:03:21,12 Oct 2018 05:03:21,98,25,15,37,0,3,18,261.21973,0.0,8007.4863,1134,481,,24599,0,0,,
https://www.google-analytics.com/collect?v=1&_v=j70&a=721535351&t=pageview&_s=1&dl=https%3A%2F%2Fwww.indeed.com%2Fm%2F&ul=en-us&de=UTF-8&dt=Job%20Search%20%7C%20Indeed&sd=32-bit&sr=768x1024&vp=768x960&je=0&_u=SCCAiEYgB~&jid=&gjid=&cid=923340606.1539334958&tid=UA-90780-1&_gid=2088544465.1539334958&linkid=loginform&z=492524848,COMPLETE,200,https,GET,image/gif,/192.168.50.138,53026,www.google-analytics.com/172.217.197.100,443,,12 Oct 2018 05:03:21,12 Oct 2018 05:03:21,12 Oct 2018 05:03:21,12 Oct 2018 05:03:21,35,,,,1,1,33,9.262695,246.09375,78.125,,252,,,45,35,,
https://www.facebook.com/tr/?id=579216298929618&ev=PageView&dl=https%3A%2F%2Fwww.indeed.com%2Fm%2F&rl=&if=false&ts=1539335000736&sw=768&sh=1024&v=2.8.30&r=stable&ec=0&o=12&it=1539335000632&coo=false,COMPLETE,200,https,GET,image/gif,/192.168.50.138,53030,www.facebook.com/31.13.65.36,443,,12 Oct 2018 05:03:21,12 Oct 2018 05:03:21,12 Oct 2018 05:03:21,12 Oct 2018 05:03:21,20,,,,1,2,17,18.945312,155.27344,111.81641,,159,,,185,44,,
https://sb.scorecardresearch.com/b2?c1=2&c2=6486505&c4=http%3A%2F%2Fwww.indeed.com%2Fm%2F&c15=&ns__t=1539335000633&ns_c=UTF-8&cv=3.1&c8=Job%20Search%20%7C%20Indeed&c7=https%3A%2F%2Fwww.indeed.com%2Fm%2F&c9=,COMPLETE,204,https,GET,,/192.168.50.138,53061,sb.scorecardresearch.com/104.112.249.46,443,,12 Oct 2018 05:03:21,12 Oct 2018 05:03:21,12 Oct 2018 05:03:21,12 Oct 2018 05:03:21,24,,,,0,3,21,19.612305,0.0,0.0,,482,,,0,,,
https://inbox.indeed.com/api/getConversationCount?from=mobhp&tk=1cpjo84b3af52800,COMPLETE,200,https,GET,application/json;charset=utf-8,/192.168.50.138,53062,inbox.indeed.com/64.9.168.158,443,,12 Oct 2018 05:03:21,12 Oct 2018 05:03:21,12 Oct 2018 05:03:21,12 Oct 2018 05:03:21,269,19,49,85,0,1,115,61.414062,0.0,14700.195,1102,762,,14912,0,141,,-17.5%
https://www.indeed.com/m/rpc/timing?perfData=%7B%22timing%22%3A%7B%22navigationStart%22%3A1539334999795%2C%22unloadEventStart%22%3A0%2C%22unloadEventEnd%22%3A0%2C%22redirectStart%22%3A0%2C%22redirectEnd%22%3A0%2C%22fetchStart%22%3A1539335000093%2C%22domainLookupStart%22%3A1539335000093%2C%22domainLookupEnd%22%3A1539335000093%2C%22connectStart%22%3A1539335000093%2C%22connectEnd%22%3A1539335000093%2C%22secureConnectionStart%22%3A0%2C%22requestStart%22%3A1539335000095%2C%22responseStart%22%3A1539335000254%2C%22responseEnd%22%3A1539335000467%2C%22domLoading%22%3A1539335000420%2C%22domInteractive%22%3A1539335000558%2C%22domContentLoadedEventStart%22%3A1539335000558%2C%22domContentLoadedEventEnd%22%3A1539335000558%2C%22domComplete%22%3A1539335001207%2C%22loadEventStart%22%3A1539335001207%2C%22loadEventEnd%22%3A1539335001229%7D%2C%22navigation%22%3A%7B%22redirectCount%22%3A0%2C%22type%22%3A0%7D%7D&logEvent=mobhomepage&tk=1cpjo84b3af52800,COMPLETE,200,https,GET,text/html;charset=UTF-8,/192.168.50.138,53021,www.indeed.com/166.78.192.64,443,,12 Oct 2018 05:03:21,12 Oct 2018 05:03:21,12 Oct 2018 05:03:21,12 Oct 2018 05:03:21,65,,,,1,0,64,32.751953,1269.5312,0.0,,1300,,,854,26,,N/A
https://www.indeed.com/m/rpc/logInboxLinkAction?action=countShownAsync&mobtk=1cpjo84b3af52800,COMPLETE,200,https,GET,text/plain; charset=UTF-8,/192.168.50.138,53021,www.indeed.com/166.78.192.64,443,,12 Oct 2018 05:03:22,12 Oct 2018 05:03:22,12 Oct 2018 05:03:22,12 Oct 2018 05:03:22,41,,,,0,1,40,19.768555,0.0,725.58594,,87,,,743,0,,
https://www.facebook.com/tr/?id=579216298929618&ev=Microdata&dl=https%3A%2F%2Fwww.indeed.com%2Fm%2F&rl=&if=false&ts=1539335002246&cd[Schema.org]=%5B%5D&cd[OpenGraph]=%7B%7D&cd[Meta]=%7B%22title%22%3A%22Job%20Search%20%7C%20Indeed%22%7D&cd[DataLayer]=%5B%5D&cd[JSON-LD]=%5B%5D&sw=768&sh=1024&v=2.8.30&r=stable&ec=1&o=12&it=1539335000632&coo=false&es=automatic,COMPLETE,200,https,GET,image/gif,/192.168.50.138,53030,www.facebook.com/31.13.65.36,443,,12 Oct 2018 05:03:22,12 Oct 2018 05:03:22,12 Oct 2018 05:03:22,12 Oct 2018 05:03:22,16,,,,0,1,15,30.273438,0.0,223.63281,,267,,,185,44,,
https://www.indeed.com/m/rpc/log/userAction?mobtk=1cpjo84b3af52800&from=mobhomepage&interactionType=touchstart,COMPLETE,200,https,GET,text/plain; charset=UTF-8,/192.168.50.138,53021,www.indeed.com/166.78.192.64,443,,12 Oct 2018 05:03:39,12 Oct 2018 05:03:39,12 Oct 2018 05:03:39,12 Oct 2018 05:03:39,50,,,,1,1,48,26.035156,576.1719,725.58594,,590,,,743,0,,
https://www.indeed.com/m/rpc/suggest/what?from=home&mobtk=1cpjo84b3af52800&q=S&caret=1&screenHeight=1024&focus=false,COMPLETE,200,https,GET,application/json;charset=utf-8,/192.168.50.138,53021,www.indeed.com/166.78.192.64,443,,12 Oct 2018 05:03:43,12 Oct 2018 05:03:43,12 Oct 2018 05:03:43,12 Oct 2018 05:03:43,46,,,,1,1,44,32.05664,580.0781,894.53125,,594,,,796,120,,46.9%
https://www.indeed.com/m/rpc/suggest/what?from=home&mobtk=1cpjo84b3af52800&q=So&caret=2&screenHeight=1024&focus=false,COMPLETE,200,https,GET,application/json;charset=utf-8,/192.168.50.138,53021,www.indeed.com/166.78.192.64,443,,12 Oct 2018 05:03:43,12 Oct 2018 05:03:43,12 Oct 2018 05:03:43,12 Oct 2018 05:03:43,46,,,,0,1,45,21.314453,0.0,901.3672,,81,,,796,127,,47.1%
https://www.indeed.com/m/rpc/suggest/what?from=home&mobtk=1cpjo84b3af52800&q=Sof&caret=3&screenHeight=1024&focus=false,COMPLETE,200,https,GET,application/json;charset=utf-8,/192.168.50.138,53021,www.indeed.com/166.78.192.64,443,,12 Oct 2018 05:03:43,12 Oct 2018 05:03:43,12 Oct 2018 05:03:43,12 Oct 2018 05:03:43,51,,,,1,1,49,19.43457,91.796875,899.41406,,94,,,796,125,,50.2%
https://www.indeed.com/m/rpc/suggest/what?from=home&mobtk=1cpjo84b3af52800&q=Soft&caret=4&screenHeight=1024&focus=false,COMPLETE,200,https,GET,application/json;charset=utf-8,/192.168.50.138,53021,www.indeed.com/166.78.192.64,443,,12 Oct 2018 05:03:44,12 Oct 2018 05:03:44,12 Oct 2018 05:03:44,12 Oct 2018 05:03:44,42,,,,0,0,42,23.34375,0.0,0.0,,83,,,796,125,,50.2%
https://www.indeed.com/m/rpc/suggest/what?from=home&mobtk=1cpjo84b3af52800&q=Softw&caret=5&screenHeight=1024&focus=false,COMPLETE,200,https,GET,application/json;charset=utf-8,/192.168.50.138,53021,www.indeed.com/166.78.192.64,443,,12 Oct 2018 05:03:44,12 Oct 2018 05:03:44,12 Oct 2018 05:03:44,12 Oct 2018 05:03:44,46,,,,1,0,45,21.314453,81.05469,0.0,,83,,,796,125,,50.2%
https://www.indeed.com/m/rpc/suggest/what?from=home&mobtk=1cpjo84b3af52800&q=Softwa&caret=6&screenHeight=1024&focus=false,COMPLETE,200,https,GET,application/json;charset=utf-8,/192.168.50.138,53021,www.indeed.com/166.78.192.64,443,,12 Oct 2018 05:03:44,12 Oct 2018 05:03:44,12 Oct 2018 05:03:44,12 Oct 2018 05:03:44,46,,,,1,1,44,21.33496,82.03125,899.41406,,84,,,796,125,,50.2%
https://www.indeed.com/m/rpc/suggest/what?from=home&mobtk=1cpjo84b3af52800&q=Softwar&caret=7&screenHeight=1024&focus=false,COMPLETE,200,https,GET,application/json;charset=utf-8,/192.168.50.138,53021,www.indeed.com/166.78.192.64,443,,12 Oct 2018 05:03:45,12 Oct 2018 05:03:45,12 Oct 2018 05:03:45,12 Oct 2018 05:03:45,43,,,,0,0,43,22.824219,0.0,0.0,,85,,,796,124,,50.6%
https://www.indeed.com/m/rpc/suggest/what?from=home&mobtk=1cpjo84b3af52800&q=Software&caret=8&screenHeight=1024&focus=false,COMPLETE,200,https,GET,application/json;charset=utf-8,/192.168.50.138,53021,www.indeed.com/166.78.192.64,443,,12 Oct 2018 05:03:45,12 Oct 2018 05:03:45,12 Oct 2018 05:03:45,12 Oct 2018 05:03:45,40,,,,1,1,38,24.560547,83.00781,899.41406,,85,,,796,125,,44.2%
https://www.indeed.com/m/rpc/suggest/log/what?sel=software%2Bengineer&method=clk&index=0&from=home&mobtk=1cpjo84b3af52800&zr=342727381,COMPLETE,200,https,GET,text/plain; charset=UTF-8,/192.168.50.138,53021,www.indeed.com/166.78.192.64,443,,12 Oct 2018 05:03:47,12 Oct 2018 05:03:47,12 Oct 2018 05:03:47,12 Oct 2018 05:03:47,51,,,,1,0,50,16.007812,90.82031,0.0,,93,,,743,0,,
https://www.indeed.com/m/rpc/suggest/where?from=home&mobtk=1cpjo84b3af52800&q=S&caret=1&screenHeight=1024&focus=false,COMPLETE,200,https,GET,application/json;charset=utf-8,/192.168.50.138,53021,www.indeed.com/166.78.192.64,443,,12 Oct 2018 05:03:51,12 Oct 2018 05:03:51,12 Oct 2018 05:03:51,12 Oct 2018 05:03:51,50,,,,0,1,49,31.796875,0.0,890.625,,716,,,796,116,,48.2%
https://www.indeed.com/m/rpc/suggest/where?from=home&mobtk=1cpjo84b3af52800&q=Se&caret=2&screenHeight=1024&focus=false,COMPLETE,200,https,GET,application/json;charset=utf-8,/192.168.50.138,53021,www.indeed.com/166.78.192.64,443,,12 Oct 2018 05:03:51,12 Oct 2018 05:03:51,12 Oct 2018 05:03:51,12 Oct 2018 05:03:51,40,,,,0,0,40,24.560547,0.0,0.0,,106,,,796,104,,49.8%
https://www.indeed.com/m/rpc/suggest/where?from=home&mobtk=1cpjo84b3af52800&q=Sea&caret=3&screenHeight=1024&focus=false,COMPLETE,200,https,GET,application/json;charset=utf-8,/192.168.50.138,53021,www.indeed.com/166.78.192.64,443,,12 Oct 2018 05:03:51,12 Oct 2018 05:03:51,12 Oct 2018 05:03:51,12 Oct 2018 05:03:51,44,,,,0,1,43,21.88379,0.0,881.83594,,83,,,796,107,,48.6%
https://www.indeed.com/m/rpc/suggest/where?from=home&mobtk=1cpjo84b3af52800&q=Seat&caret=4&screenHeight=1024&focus=false,COMPLETE,200,https,GET,application/json;charset=utf-8,/192.168.50.138,53021,www.indeed.com/166.78.192.64,443,,12 Oct 2018 05:03:52,12 Oct 2018 05:03:52,12 Oct 2018 05:03:52,12 Oct 2018 05:03:52,46,,,,1,1,44,20.826172,81.05469,876.9531,,83,,,796,102,,53.8%
https://www.indeed.com/m/rpc/suggest/where?from=home&mobtk=1cpjo84b3af52800&q=Seatt&caret=5&screenHeight=1024&focus=false,COMPLETE,200,https,GET,application/json;charset=utf-8,/192.168.50.138,53021,www.indeed.com/166.78.192.64,443,,12 Oct 2018 05:03:52,12 Oct 2018 05:03:52,12 Oct 2018 05:03:52,12 Oct 2018 05:03:52,43,,,,0,1,42,22.120117,0.0,869.1406,,84,,,796,94,,51.8%
https://www.indeed.com/m/rpc/suggest/where?from=home&mobtk=1cpjo84b3af52800&q=Seattl&caret=6&screenHeight=1024&focus=false,COMPLETE,200,https,GET,application/json;charset=utf-8,/192.168.50.138,53021,www.indeed.com/166.78.192.64,443,,12 Oct 2018 05:03:52,12 Oct 2018 05:03:52,12 Oct 2018 05:03:52,12 Oct 2018 05:03:52,43,,,,0,0,43,22.142578,0.0,0.0,,85,,,796,94,,51.8%
https://www.indeed.com/m/rpc/suggest/where?from=home&mobtk=1cpjo84b3af52800&q=Seattle&caret=7&screenHeight=1024&focus=false,COMPLETE,200,https,GET,application/json;charset=utf-8,/192.168.50.138,53021,www.indeed.com/166.78.192.64,443,,12 Oct 2018 05:03:52,12 Oct 2018 05:03:52,12 Oct 2018 05:03:52,12 Oct 2018 05:03:52,41,,,,0,1,40,23.270508,0.0,871.09375,,85,,,796,96,,50.8%
https://www.indeed.com/m/rpc/suggest/log/where?sel=Seattle%252C%2BWA&method=clk&index=0&from=home&mobtk=1cpjo84b3af52800&zr=1825898923,COMPLETE,200,https,GET,text/plain; charset=UTF-8,/192.168.50.138,53021,www.indeed.com/166.78.192.64,443,,12 Oct 2018 05:03:54,12 Oct 2018 05:03:54,12 Oct 2018 05:03:54,12 Oct 2018 05:03:54,43,,,,0,1,42,18.985352,0.0,725.58594,,93,,,743,0,,
https://www.indeed.com/m/jobs?q=software+engineer&l=Seattle%2C+WA&from=home%2Cwhatauto%2Cwhereauto,COMPLETE,200,https,GET,text/html;charset=UTF-8,/192.168.50.138,53021,www.indeed.com/166.78.192.64,443,,12 Oct 2018 05:03:56,12 Oct 2018 05:03:56,12 Oct 2018 05:03:57,12 Oct 2018 05:03:57,979,,,,0,708,271,81.015625,0.0,111.01172,,735,,,1121,79362,,75.6%
https://www.indeed.com/m/s/21409a5/promos.css,COMPLETE,200,https,GET,text/css,/192.168.50.138,53021,www.indeed.com/166.78.192.64,443,,12 Oct 2018 05:03:57,12 Oct 2018 05:03:57,12 Oct 2018 05:03:57,12 Oct 2018 05:03:57,33,,,,1,0,32,58.416016,662.1094,0.0,,678,,,167,1129,,67.2%
https://d2q79iu7y748jz.cloudfront.net/s/_logo/946ff1d06dc7120a62fb4175bb197b29,COMPLETE,200,https,GET,image/jpeg,/192.168.50.138,53063,d2q79iu7y748jz.cloudfront.net/52.84.74.150,443,,12 Oct 2018 05:03:57,12 Oct 2018 05:03:58,12 Oct 2018 05:03:58,12 Oct 2018 05:03:58,106,27,11,43,0,7,18,400.51953,0.0,5859.6533,1154,318,,22037,0,19965,,
https://www.indeed.com/m/s/6bb33dcdeafd58689b41/scripts/frontendLogging.js,COMPLETE,200,https,GET,application/javascript,/192.168.50.138,53021,www.indeed.com/166.78.192.64,443,,12 Oct 2018 05:03:57,12 Oct 2018 05:03:57,12 Oct 2018 05:03:57,12 Oct 2018 05:03:57,34,,,,0,1,33,113.08008,0.0,3792.9688,,53,,,178,3706,,60.7%
https://www.indeed.com/m/s/b42dc4553bc8c4ac7d57/scripts/0.js,COMPLETE,200,https,GET,application/javascript,/192.168.50.138,53021,www.indeed.com/166.78.192.64,443,,12 Oct 2018 05:03:57,12 Oct 2018 05:03:57,12 Oct 2018 05:03:57,12 Oct 2018 05:03:57,35,,,,1,1,33,185.3789,36.132812,6452.1484,,37,,,178,6429,,67.3%
https://www.indeed.com/rpc/jsn?atk=1cpjo97rcaf51801&mobtk=1cpjo97rcaf51800&jk=9b6c9bd90396b372&jk=274c2c591fa08230&jobType=organic&m=1&zr=1712878865,COMPLETE,200,https,GET,image/gif,/192.168.50.138,53021,www.indeed.com/166.78.192.64,443,,12 Oct 2018 05:03:58,12 Oct 2018 05:03:58,12 Oct 2018 05:03:58,12 Oct 2018 05:03:58,53,,,,1,3,49,25.316406,713.8672,209.30957,,731,,,643,0,,
https://www.indeed.com/rpc/jsn?atk=1cpjo97rcaf51801&mobtk=1cpjo97rcaf51800&jk=69ec8e86f69a47da&jk=ddd4c9fcaaac7e0f&jobType=sponsored&m=1&zr=403797141,COMPLETE,200,https,GET,image/gif,/192.168.50.138,53021,www.indeed.com/166.78.192.64,443,,12 Oct 2018 05:03:58,12 Oct 2018 05:03:58,12 Oct 2018 05:03:58,12 Oct 2018 05:03:58,49,,,,1,1,47,14.966797,105.46875,627.9297,,108,,,643,0,,
https://www.indeed.com/m/rpc/log?a=mserpretina&mobtk=1cpjo97rcaf51800&atk=1cpjo97rcaf51801&zr=799415075,COMPLETE,200,https,GET,text/html;charset=UTF-8,/192.168.50.138,53021,www.indeed.com/166.78.192.64,443,,12 Oct 2018 05:03:58,12 Oct 2018 05:03:58,12 Oct 2018 05:03:58,12 Oct 2018 05:03:58,44,,,,0,1,43,19.486328,0.0,790.03906,,69,,,783,26,,N/A
https://www.indeed.com/m/rpc/log/pageload?a=mserpjsv&mobtk=1cpjo97rcaf51800&atk=1cpjo97rcaf51801&scrWidth=1536&scrHeight=2048&pixelRatio=2&scrOrientation=portrait&zr=98225628,COMPLETE,200,https,GET,image/jpeg;charset=UTF-8,/192.168.50.138,53021,www.indeed.com/166.78.192.64,443,,12 Oct 2018 05:03:58,12 Oct 2018 05:03:58,12 Oct 2018 05:03:58,12 Oct 2018 05:03:58,45,,,,1,1,43,20.007812,117.1875,783.2031,,120,,,802,0,,
https://www.indeed.com/m/_iphone/styles/serpFooterLinksJS.css,COMPLETE,200,https,GET,text/css,/192.168.50.138,53021,www.indeed.com/166.78.192.64,443,,12 Oct 2018 05:03:58,12 Oct 2018 05:03:58,12 Oct 2018 05:03:58,12 Oct 2018 05:03:58,47,,,,1,3,43,35.716797,657.22656,340.49414,,673,,,818,228,,46.7%
https://www.indeed.com/m/rpc/frontendlogging?mobtk=1cpjo97rcaf51800&pageId=serp&logType=meaningfullyInteractive&application=indeedmobile&moduleName=navigationTiming&ts=1505.765&data=%7B%22count%22%3A1%7D,COMPLETE,200,https,GET,image/gif,/192.168.50.138,53021,www.indeed.com/166.78.192.64,443,,12 Oct 2018 05:03:58,12 Oct 2018 05:03:58,12 Oct 2018 05:03:58,12 Oct 2018 05:03:58,47,,,,1,1,45,20.860352,138.67188,841.7969,,142,,,820,42,,
https://sb.scorecardresearch.com/b?c1=2&c2=6486505&c4=http%3A%2F%2Fwww.indeed.com%2Fm%2Fjobs%3Fq%3Dsoftware%2Bengineer%26l%3DSeattle%252C%2BWA%26from%3Dhome%252Cwhatauto%252Cwhereauto&c15=&ns__t=1539335038222&ns_c=UTF-8&cv=3.1&c8=Software%20Engineer%20Jobs%2C%20Employment%20in%20Seattle%2C%20WA%20%7C%20Indeed.com&c7=https%3A%2F%2Fwww.indeed.com%2Fm%2Fjobs%3Fq%3Dsoftware%2Bengineer%26l%3DSeattle%252C%2BWA%26from%3Dhome%252Cwhatauto%252Cwhereauto&c9=https%3A%2F%2Fwww.indeed.com%2Fm%2F,COMPLETE,302,https,GET,,/192.168.50.138,53064,sb.scorecardresearch.com/104.112.249.46,443,,12 Oct 2018 05:03:58,12 Oct 2018 05:03:59,12 Oct 2018 05:03:59,12 Oct 2018 05:03:59,101,14,13,53,0,0,21,255.83984,0.0,0.0,1134,727,,24599,0,0,,
https://www.facebook.com/tr/?id=579216298929618&ev=PageView&dl=https%3A%2F%2Fwww.indeed.com%2Fm%2Fjobs%3Fq%3Dsoftware%2Bengineer%26l%3DSeattle%252C%2BWA%26from%3Dhome%252Cwhatauto%252Cwhereauto&rl=https%3A%2F%2Fwww.indeed.com%2Fm%2F&if=false&ts=1539335038356&sw=768&sh=1024&v=2.8.30&r=stable&ec=0&o=12&it=1539335038220&coo=false,COMPLETE,200,https,GET,image/gif,/192.168.50.138,53030,www.facebook.com/31.13.65.36,443,,12 Oct 2018 05:03:58,12 Oct 2018 05:03:58,12 Oct 2018 05:03:58,12 Oct 2018 05:03:58,14,,,,0,0,14,32.15625,0.0,0.0,,233,,,184,44,,
https://www.google-analytics.com/collect?v=1&_v=j70&a=1047425518&t=pageview&_s=1&dl=https%3A%2F%2Fwww.indeed.com%2Fm%2Fjobs%3Fq%3Dsoftware%2Bengineer%26l%3DSeattle%252C%2BWA%26from%3Dhome%252Cwhatauto%252Cwhereauto&ul=en-us&de=UTF-8&dt=Software%20Engineer%20Jobs%2C%20Employment%20in%20Seattle%2C%20WA%20%7C%20Indeed.com&sd=32-bit&sr=768x1024&vp=768x960&je=0&_u=SCCAiEYgB~&jid=1818172257&gjid=1471119923&cid=923340606.1539334958&tid=UA-90780-1&_gid=2088544465.1539334958&linkid=jobsearchform&z=233618568,COMPLETE,200,https,GET,image/gif,/192.168.50.138,53026,www.google-analytics.com/172.217.197.100,443,,12 Oct 2018 05:03:58,12 Oct 2018 05:03:58,12 Oct 2018 05:03:58,12 Oct 2018 05:03:58,27,,,,0,1,26,15.841797,0.0,78.125,,358,,,45,35,,
https://sb.scorecardresearch.com/b2?c1=2&c2=6486505&c4=http%3A%2F%2Fwww.indeed.com%2Fm%2Fjobs%3Fq%3Dsoftware%2Bengineer%26l%3DSeattle%252C%2BWA%26from%3Dhome%252Cwhatauto%252Cwhereauto&c15=&ns__t=1539335038222&ns_c=UTF-8&cv=3.1&c8=Software%20Engineer%20Jobs%2C%20Employment%20in%20Seattle%2C%20WA%20%7C%20Indeed.com&c7=https%3A%2F%2Fwww.indeed.com%2Fm%2Fjobs%3Fq%3Dsoftware%2Bengineer%26l%3DSeattle%252C%2BWA%26from%3Dhome%252Cwhatauto%252Cwhereauto&c9=https%3A%2F%2Fwww.indeed.com%2Fm%2F,COMPLETE,204,https,GET,,/192.168.50.138,53064,sb.scorecardresearch.com/104.112.249.46,443,,12 Oct 2018 05:03:59,12 Oct 2018 05:03:59,12 Oct 2018 05:03:59,12 Oct 2018 05:03:59,23,,,,0,2,21,30.910156,0.0,0.0,,728,,,0,,,
https://www.indeed.com/m/rpc/subscription/jobalert/email/get?mobtk=1cpjo97rcaf51800&indeedcsrftoken=JxIYqKrWPJWre5oT5Z5kGbR5ktnGwxQI&q=software%20engineer&l=Seattle%2C%20WA&searchParams=%3Fq%3Dsoftware%2Bengineer%26l%3DSeattle%252C%2BWA%26from%3Dhome%252Cwhatauto%252Cwhereauto&reqJson=1&pos=mb,COMPLETE,200,https,GET,application/json;charset=utf-8,/192.168.50.138,53021,www.indeed.com/166.78.192.64,443,,12 Oct 2018 05:03:59,12 Oct 2018 05:03:59,12 Oct 2018 05:03:59,12 Oct 2018 05:03:59,53,,,,1,0,52,33.0,842.77344,0.0,,863,,,770,158,,24.4%
https://www.indeed.com/m/rpc/frontendlogging?mobtk=1cpjo97rcaf51800&pageId=serp&logType=navigationTiming&application=indeedmobile&moduleName=navigationTiming&ts=2854.085&data=%7B%22navigationStart%22%3A1539335036443%2C%22unloadEventStart%22%3A0%2C%22unloadEventEnd%22%3A0%2C%22redirectStart%22%3A0%2C%22redirectEnd%22%3A0%2C%22fetchStart%22%3A1539335036443%2C%22domainLookupStart%22%3A1539335036443%2C%22domainLookupEnd%22%3A1539335036443%2C%22connectStart%22%3A1539335036443%2C%22connectEnd%22%3A1539335036443%2C%22secureConnectionStart%22%3A0%2C%22requestStart%22%3A1539335036449%2C%22responseStart%22%3A1539335037317%2C%22responseEnd%22%3A1539335037524%2C%22domLoading%22%3A1539335037348%2C%22domInteractive%22%3A1539335038142%2C%22domContentLoadedEventStart%22%3A1539335038142%2C%22domContentLoadedEventEnd%22%3A1539335038142%2C%22domComplete%22%3A1539335039245%2C%22loadEventStart%22%3A1539335039245%2C%22loadEventEnd%22%3A1539335039266%2C%22navigationType%22%3A0%2C%22redirectCount%22%3A0%7D,COMPLETE,200,https,GET,image/gif,/192.168.50.138,53021,www.indeed.com/166.78.192.64,443,,12 Oct 2018 05:03:59,12 Oct 2018 05:03:59,12 Oct 2018 05:03:59,12 Oct 2018 05:03:59,38,,,,0,1,37,42.788086,0.0,841.7969,,803,,,820,42,,
https://www.facebook.com/tr/?id=579216298929618&ev=Microdata&dl=https%3A%2F%2Fwww.indeed.com%2Fm%2Fjobs%3Fq%3Dsoftware%2Bengineer%26l%3DSeattle%252C%2BWA%26from%3Dhome%252Cwhatauto%252Cwhereauto&rl=https%3A%2F%2Fwww.indeed.com%2Fm%2F&if=false&ts=1539335039866&cd[Schema.org]=%5B%5D&cd[OpenGraph]=%7B%7D&cd[Meta]=%7B%22title%22%3A%22Software%20Engineer%20Jobs%2C%20Employment%20in%20Seattle%2C%20WA%20%7C%20Indeed.com%22%2C%22meta%3Adescription%22%3A%228%2C189%20Software%20Engineer%20jobs%20available%20in%20Seattle%2C%20WA%20on%20Indeed.com.%20Apply%20to%20Software%20Engineer%2C%20Senior%20Software%20Engineer%2C%20Full%20Stack%20Developer%20and%20more!%22%7D&cd[DataLayer]=%5B%5D&cd[JSON-LD]=%5B%5D&sw=768&sh=1024&v=2.8.30&r=stable&ec=1&o=12&it=1539335038220&coo=false&es=automatic,COMPLETE,200,https,GET,image/gif,/192.168.50.138,53030,www.facebook.com/31.13.65.36,443,,12 Oct 2018 05:04:00,12 Oct 2018 05:04:00,12 Oct 2018 05:04:00,12 Oct 2018 05:04:00,15,,,,0,1,14,51.887695,0.0,223.63281,,568,,,185,44,,
